y,U_0,U_1,U_2
0,6.02142284037,0,4.64995852416e-06
0.900900900901,6.02142480033,2.70012464232e-06,4.70277533072e-06
1.8018018018,6.02142676029,5.40024928465e-06,4.75559213727e-06
2.7027027027,6.02142872025,8.10037392697e-06,4.80840894383e-06
3.6036036036,6.02143068021,1.08004985693e-05,4.86122575039e-06
4.5045045045,6.02143264017,1.35006232116e-05,4.91404255694e-06
5.40540540541,6.02143460013,1.62007478539e-05,4.9668593635e-06
6.30630630631,6.02143656009,1.89008724963e-05,5.01967617006e-06
7.20720720721,6.02143852006,2.16009971386e-05,5.07249297661e-06
8.10810810811,6.02144048002,2.43011217809e-05,5.12530978317e-06
9.00900900901,6.02144243998,2.70012464232e-05,5.17812658973e-06
9.90990990991,6.02144439994,2.97013710656e-05,5.23094339628e-06
10.8108108108,6.0214463599,3.24014957079e-05,5.28376020284e-06
11.7117117117,6.02144831986,3.51016203502e-05,5.3365770094e-06
12.6126126126,6.02145027982,3.78017449925e-05,5.38939381595e-06
13.5135135135,6.02145223978,4.05018696349e-05,5.44221062251e-06
14.4144144144,6.02145419974,4.32019942772e-05,5.49502742907e-06
15.3153153153,6.0214561597,4.59021189195e-05,5.54784423563e-06
16.2162162162,6.02145811967,4.86022435618e-05,5.60066104218e-06
17.1171171171,6.02146007963,5.13023682042e-05,5.65347784874e-06
18.018018018,6.02146203959,5.40024928465e-05,5.7062946553e-06
18.9189189189,6.02146399955,5.67026174888e-05,5.75911146185e-06
19.8198198198,6.02146595951,5.94027421311e-05,5.81192826841e-06
20.7207207207,6.02146791947,6.21028667735e-05,5.86474507497e-06
21.6216216216,6.02146987943,6.48029914158e-05,5.91756188152e-06
22.5225225225,6.02147183939,6.75031160581e-05,5.97037868808e-06
23.4234234234,6.02147379935,7.02032407004e-05,6.02319549464e-06
24.3243243243,6.02147575932,7.29033653428e-05,6.07601230119e-06
25.2252252252,6.02147771928,7.56034899851e-05,6.12882910775e-06
26.1261261261,6.02147967924,7.83036146274e-05,6.18164591431e-06
27.027027027,6.0214816392,8.10037392697e-05,6.23446272086e-06
27.9279279279,6.02148359916,8.37038639121e-05,6.28727952742e-06
28.8288288288,6.02148555912,8.64039885544e-05,6.34009633398e-06
29.7297297297,6.02148751908,8.91041131967e-05,6.39291314053e-06
30.6306306306,6.02148947904,9.1804237839e-05,6.44572994709e-06
31.5315315315,6.021491439,9.45043624814e-05,6.49854675365e-06
32.4324324324,6.02149339896,9.72044871237e-05,6.55136356021e-06
33.3333333333,6.02149535893,9.9904611766e-05,6.60418036676e-06
34.2342342342,6.02149731889,0.000102604736408,6.65699717332e-06
35.1351351351,6.02149927885,0.000105304861051,6.70981397988e-06
36.036036036,6.02150123881,0.000108004985693,6.76263078643e-06
36.9369369369,6.02150319877,0.000110705110335,6.81544759299e-06
37.8378378378,6.02150515873,0.000113405234978,6.86826439955e-06
38.7387387387,6.02150711869,0.00011610535962,6.9210812061e-06
39.6396396396,6.02150907865,0.000118805484262,6.97389801266e-06
40.5405405405,6.02151103861,0.000121505608905,7.02671481922e-06
41.4414414414,6.02151299858,0.000124205733547,7.07953162577e-06
42.3423423423,6.02151495854,0.000126905858189,7.13234843233e-06
43.2432432432,6.0215169185,0.000129605982832,7.18516523889e-06
44.1441441441,6.02151887846,0.000132306107474,7.23798204544e-06
45.045045045,6.02152083842,0.000135006232116,7.290798852e-06
45.9459459459,6.02152279838,0.000137706356759,7.34361565856e-06
46.8468468468,6.02152475834,0.000140406481401,7.39643246511e-06
47.7477477477,6.0215267183,0.000143106606043,7.44924927167e-06
48.6486486486,6.02152867826,0.000145806730686,7.50206607823e-06
49.5495495495,6.02153063822,0.000148506855328,7.55488288479e-06
50.4504504505,6.02153413553,0.000150186685294,7.6057675056e-06
51.3513513514,6.02153917019,0.000150846220584,7.65471994067e-06
52.2522522523,6.02154420484,0.000151505755874,7.70367237573e-06
53.1531531532,6.02154923949,0.000152165291164,7.7526248108e-06
54.0540540541,6.02155427415,0.000152824826454,7.80157724587e-06
54.954954955,6.0215593088,0.000153484361744,7.85052968094e-06
55.8558558559,6.02156434345,0.000154143897035,7.89948211601e-06
56.7567567568,6.02156937811,0.000154803432325,7.94843455107e-06
57.6576576577,6.02157441276,0.000155462967615,7.99738698614e-06
58.5585585586,6.02157944741,0.000156122502905,8.04633942121e-06
59.4594594595,6.02158448207,0.000156782038195,8.09529185628e-06
60.3603603604,6.02158951672,0.000157441573485,8.14424429135e-06
61.2612612613,6.02159455137,0.000158101108775,8.19319672641e-06
62.1621621622,6.02159958603,0.000158760644065,8.24214916148e-06
63.0630630631,6.02160462068,0.000159420179355,8.29110159655e-06
63.963963964,6.02160965533,0.000160079714645,8.34005403162e-06
64.8648648649,6.02161468999,0.000160739249935,8.38900646669e-06
65.7657657658,6.02161972464,0.000161398785225,8.43795890176e-06
66.6666666667,6.02162475929,0.000162058320516,8.48691133682e-06
67.5675675676,6.02162979395,0.000162717855806,8.53586377189e-06
68.4684684685,6.0216348286,0.000163377391096,8.58481620696e-06
69.3693693694,6.02163986325,0.000164036926386,8.63376864203e-06
70.2702702703,6.02164489791,0.000164696461676,8.6827210771e-06
71.1711711712,6.02164993256,0.000165355996966,8.73167351216e-06
72.0720720721,6.02165496721,0.000166015532256,8.78062594723e-06
72.972972973,6.02166000187,0.000166675067546,8.8295783823e-06
73.8738738739,6.02166503652,0.000167334602836,8.87853081737e-06
74.7747747748,6.02167007117,0.000167994138126,8.92748325243e-06
75.6756756757,6.02167510583,0.000168653673416,8.9764356875e-06
76.5765765766,6.02168014048,0.000169313208706,9.02538812257e-06
77.4774774775,6.02168517513,0.000169972743997,9.07434055764e-06
78.3783783784,6.02169020979,0.000170632279287,9.12329299271e-06
79.2792792793,6.02169524444,0.000171291814577,9.17224542778e-06
80.1801801802,6.02170027909,0.000171951349867,9.22119786284e-06
81.0810810811,6.02170531375,0.000172610885157,9.27015029791e-06
81.981981982,6.0217103484,0.000173270420447,9.31910273298e-06
82.8828828829,6.02171538305,0.000173929955737,9.36805516805e-06
83.7837837838,6.02172041771,0.000174589491027,9.41700760312e-06
84.6846846847,6.02172545236,0.000175249026317,9.46596003818e-06
85.5855855856,6.02173048701,0.000175908561607,9.51491247325e-06
86.4864864865,6.02173552167,0.000176568096897,9.56386490832e-06
87.3873873874,6.02174055632,0.000177227632187,9.61281734339e-06
88.2882882883,6.02174559097,0.000177887167478,9.66176977846e-06
89.1891891892,6.02175062563,0.000178546702768,9.71072221352e-06
90.0900900901,6.02175566028,0.000179206238058,9.75967464859e-06
90.990990991,6.02176069493,0.000179865773348,9.80862708366e-06
91.8918918919,6.02176572959,0.000180525308638,9.85757951873e-06
92.7927927928,6.02177076424,0.000181184843928,9.9065319538e-06
93.6936936937,6.02177579889,0.000181844379218,9.95548438886e-06
94.5945945946,6.02178083355,0.000182503914508,1.00044368239e-05
95.4954954955,6.0217858682,0.000183163449798,1.0053389259e-05
96.3963963964,6.02179090285,0.000183822985088,1.01023416941e-05
97.2972972973,6.02179593751,0.000184482520378,1.01512941291e-05
98.1981981982,6.02180097216,0.000185142055668,1.02002465642e-05
99.0990990991,6.02180600681,0.000185801590958,1.02491989993e-05
100,6.02181104147,0.000186461126249,1.02981514343e-05
100.900900901,6.02181942877,0.000186702972235,1.05815164896e-05
101.801801802,6.02182781606,0.000186944818222,1.08648815448e-05
102.702702703,6.02183620336,0.000187186664208,1.11482466001e-05
103.603603604,6.02184459066,0.000187428510195,1.14316116553e-05
104.504504505,6.02185297796,0.000187670356182,1.17149767106e-05
105.405405405,6.02186136526,0.000187912202168,1.19983417658e-05
106.306306306,6.02186975255,0.000188154048155,1.22817068211e-05
107.207207207,6.02187813985,0.000188395894142,1.25650718763e-05
108.108108108,6.02188652715,0.000188637740128,1.28484369316e-05
109.009009009,6.02189491445,0.000188879586115,1.31318019868e-05
109.90990991,6.02190330175,0.000189121432101,1.34151670421e-05
110.810810811,6.02191168905,0.000189363278088,1.36985320973e-05
111.711711712,6.02192007634,0.000189605124075,1.39818971526e-05
112.612612613,6.02192846364,0.000189846970061,1.42652622078e-05
113.513513514,6.02193685094,0.000190088816048,1.4548627263e-05
114.414414414,6.02194523824,0.000190330662034,1.48319923183e-05
115.315315315,6.02195362554,0.000190572508021,1.51153573735e-05
116.216216216,6.02196201283,0.000190814354008,1.53987224288e-05
117.117117117,6.02197040013,0.000191056199994,1.5682087484e-05
118.018018018,6.02197878743,0.000191298045981,1.59654525393e-05
118.918918919,6.02198717473,0.000191539891968,1.62488175945e-05
119.81981982,6.02199556203,0.000191781737954,1.65321826498e-05
120.720720721,6.02200394933,0.000192023583941,1.6815547705e-05
121.621621622,6.02201233662,0.000192265429927,1.70989127603e-05
122.522522523,6.02202072392,0.000192507275914,1.73822778155e-05
123.423423423,6.02202911122,0.000192749121901,1.76656428708e-05
124.324324324,6.02203749852,0.000192990967887,1.7949007926e-05
125.225225225,6.02204588582,0.000193232813874,1.82323729813e-05
126.126126126,6.02205427312,0.00019347465986,1.85157380365e-05
127.027027027,6.02206266041,0.000193716505847,1.87991030918e-05
127.927927928,6.02207104771,0.000193958351834,1.9082468147e-05
128.828828829,6.02207943501,0.00019420019782,1.93658332022e-05
129.72972973,6.02208782231,0.000194442043807,1.96491982575e-05
130.630630631,6.02209620961,0.000194683889794,1.99325633127e-05
131.531531532,6.0221045969,0.00019492573578,2.0215928368e-05
132.432432432,6.0221129842,0.000195167581767,2.04992934232e-05
133.333333333,6.0221213715,0.000195409427753,2.07826584785e-05
134.234234234,6.0221297588,0.00019565127374,2.10660235337e-05
135.135135135,6.0221381461,0.000195893119727,2.1349388589e-05
136.036036036,6.0221465334,0.000196134965713,2.16327536442e-05
136.936936937,6.02215492069,0.0001963768117,2.19161186995e-05
137.837837838,6.02216330799,0.000196618657686,2.21994837547e-05
138.738738739,6.02217169529,0.000196860503673,2.248284881e-05
139.63963964,6.02218008259,0.00019710234966,2.27662138652e-05
140.540540541,6.02218846989,0.000197344195646,2.30495789205e-05
141.441441441,6.02219685718,0.000197586041633,2.33329439757e-05
142.342342342,6.02220524448,0.00019782788762,2.36163090309e-05
143.243243243,6.02221363178,0.000198069733606,2.38996740862e-05
144.144144144,6.02222201908,0.000198311579593,2.41830391414e-05
145.045045045,6.02223040638,0.000198553425579,2.44664041967e-05
145.945945946,6.02223879368,0.000198795271566,2.47497692519e-05
146.846846847,6.02224718097,0.000199037117553,2.50331343072e-05
147.747747748,6.02225556827,0.000199278963539,2.53164993624e-05
148.648648649,6.02226395557,0.000199520809526,2.55998644177e-05
149.54954955,6.02227234287,0.000199762655512,2.58832294729e-05
150.45045045,6.02228047284,0.000196197416219,2.6179336316e-05
151.351351351,6.02228834548,0.000188825091646,2.6488184947e-05
152.252252252,6.02229621812,0.000181452767074,2.67970335779e-05
153.153153153,6.02230409076,0.000174080442501,2.71058822088e-05
154.054054054,6.0223119634,0.000166708117928,2.74147308398e-05
154.954954955,6.02231983604,0.000159335793355,2.77235794707e-05
155.855855856,6.02232770868,0.000151963468782,2.80324281016e-05
156.756756757,6.02233558132,0.000144591144209,2.83412767326e-05
157.657657658,6.02234345396,0.000137218819636,2.86501253635e-05
158.558558559,6.0223513266,0.000129846495063,2.89589739945e-05
159.459459459,6.02235919924,0.000122474170491,2.92678226254e-05
160.36036036,6.02236707188,0.000115101845918,2.95766712563e-05
161.261261261,6.02237494452,0.000107729521345,2.98855198873e-05
162.162162162,6.02238281716,0.000100357196772,3.01943685182e-05
163.063063063,6.0223906898,9.2984872199e-05,3.05032171491e-05
163.963963964,6.02239856244,8.56125476262e-05,3.08120657801e-05
164.864864865,6.02240643508,7.82402230533e-05,3.1120914411e-05
165.765765766,6.02241430772,7.08678984804e-05,3.1429763042e-05
166.666666667,6.02242218036,6.34955739075e-05,3.17386116729e-05
167.567567568,6.022430053,5.61232493346e-05,3.20474603038e-05
168.468468468,6.02243792564,4.87509247617e-05,3.23563089348e-05
169.369369369,6.02244579828,4.13786001889e-05,3.26651575657e-05
170.27027027,6.02245367092,3.4006275616e-05,3.29740061966e-05
171.171171171,6.02246154356,2.66339510431e-05,3.32828548276e-05
172.072072072,6.0224694162,1.92616264702e-05,3.35917034585e-05
172.972972973,6.02247728884,1.18893018973e-05,3.39005520895e-05
173.873873874,6.02248516148,4.51697732446e-06,3.42094007204e-05
174.774774775,6.02249303412,-2.85534724842e-06,3.45182493513e-05
175.675675676,6.02250090676,-1.02276718213e-05,3.48270979823e-05
176.576576577,6.0225087794,-1.75999963942e-05,3.51359466132e-05
177.477477477,6.02251665204,-2.49723209671e-05,3.54447952441e-05
178.378378378,6.02252452468,-3.23446455399e-05,3.57536438751e-05
179.279279279,6.02253239732,-3.97169701128e-05,3.6062492506e-05
180.18018018,6.02254026996,-4.70892946857e-05,3.6371341137e-05
181.081081081,6.0225481426,-5.44616192586e-05,3.66801897679e-05
181.981981982,6.02255601524,-6.18339438315e-05,3.69890383988e-05
182.882882883,6.02256388788,-6.92062684043e-05,3.72978870298e-05
183.783783784,6.02257176052,-7.65785929772e-05,3.76067356607e-05
184.684684685,6.02257963316,-8.39509175501e-05,3.79155842916e-05
185.585585586,6.0225875058,-9.1323242123e-05,3.82244329226e-05
186.486486486,6.02259537844,-9.86955666959e-05,3.85332815535e-05
187.387387387,6.02260325108,-0.000106067891269,3.88421301845e-05
188.288288288,6.02261112372,-0.000113440215842,3.91509788154e-05
189.189189189,6.02261899636,-0.000120812540415,3.94598274463e-05
190.09009009,6.022626869,-0.000128184864987,3.97686760773e-05
190.990990991,6.02263474164,-0.00013555718956,4.00775247082e-05
191.891891892,6.02264261428,-0.000142929514133,4.03863733391e-05
192.792792793,6.02265048692,-0.000150301838706,4.06952219701e-05
193.693693694,6.02265835956,-0.000157674163279,4.1004070601e-05
194.594594595,6.0226662322,-0.000165046487852,4.1312919232e-05
195.495495495,6.02267410484,-0.000172418812425,4.16217678629e-05
196.396396396,6.02268197748,-0.000179791136998,4.19306164938e-05
197.297297297,6.02268985012,-0.00018716346157,4.22394651248e-05
198.198198198,6.02269772276,-0.000194535786143,4.25483137557e-05
199.099099099,6.0227055954,-0.000201908110716,4.28571623866e-05
200,6.02271346804,-0.000209280435289,4.31660110176e-05
200.900900901,6.02271216702,-0.000223766297793,4.49551906584e-05
201.801801802,6.022710866,-0.000238252160296,4.67443702991e-05
202.702702703,6.02270956498,-0.0002527380228,4.85335499399e-05
203.603603604,6.02270826395,-0.000267223885304,5.03227295807e-05
204.504504505,6.02270696293,-0.000281709747807,5.21119092215e-05
205.405405405,6.02270566191,-0.000296195610311,5.39010888623e-05
206.306306306,6.02270436089,-0.000310681472815,5.56902685031e-05
207.207207207,6.02270305987,-0.000325167335318,5.74794481438e-05
208.108108108,6.02270175885,-0.000339653197822,5.92686277846e-05
209.009009009,6.02270045783,-0.000354139060326,6.10578074254e-05
209.90990991,6.0226991568,-0.000368624922829,6.28469870662e-05
210.810810811,6.02269785578,-0.000383110785333,6.4636166707e-05
211.711711712,6.02269655476,-0.000397596647836,6.64253463478e-05
212.612612613,6.02269525374,-0.00041208251034,6.82145259885e-05
213.513513514,6.02269395272,-0.000426568372844,7.00037056293e-05
214.414414414,6.0226926517,-0.000441054235347,7.17928852701e-05
215.315315315,6.02269135067,-0.000455540097851,7.35820649109e-05
216.216216216,6.02269004965,-0.000470025960355,7.53712445517e-05
217.117117117,6.02268874863,-0.000484511822858,7.71604241925e-05
218.018018018,6.02268744761,-0.000498997685362,7.89496038332e-05
218.918918919,6.02268614659,-0.000513483547866,8.0738783474e-05
219.81981982,6.02268484557,-0.000527969410369,8.25279631148e-05
220.720720721,6.02268354454,-0.000542455272873,8.43171427556e-05
221.621621622,6.02268224352,-0.000556941135377,8.61063223964e-05
222.522522523,6.0226809425,-0.00057142699788,8.78955020372e-05
223.423423423,6.02267964148,-0.000585912860384,8.96846816779e-05
224.324324324,6.02267834046,-0.000600398722888,9.14738613187e-05
225.225225225,6.02267703944,-0.000614884585391,9.32630409595e-05
226.126126126,6.02267573841,-0.000629370447895,9.50522206003e-05
227.027027027,6.02267443739,-0.000643856310398,9.68414002411e-05
227.927927928,6.02267313637,-0.000658342172902,9.86305798819e-05
228.828828829,6.02267183535,-0.000672828035406,0.000100419759523
229.72972973,6.02267053433,-0.000687313897909,0.000102208939163
230.630630631,6.02266923331,-0.000701799760413,0.000103998118804
231.531531532,6.02266793228,-0.000716285622917,0.000105787298445
232.432432432,6.02266663126,-0.00073077148542,0.000107576478086
233.333333333,6.02266533024,-0.000745257347924,0.000109365657727
234.234234234,6.02266402922,-0.000759743210428,0.000111154837367
235.135135135,6.0226627282,-0.000774229072931,0.000112944017008
236.036036036,6.02266142718,-0.000788714935435,0.000114733196649
236.936936937,6.02266012616,-0.000803200797939,0.00011652237629
237.837837838,6.02265882513,-0.000817686660442,0.00011831155593
238.738738739,6.02265752411,-0.000832172522946,0.000120100735571
239.63963964,6.02265622309,-0.00084665838545,0.000121889915212
240.540540541,6.02265492207,-0.000861144247953,0.000123679094853
241.441441441,6.02265362105,-0.000875630110457,0.000125468274494
242.342342342,6.02265232003,-0.00089011597296,0.000127257454134
243.243243243,6.022651019,-0.000904601835464,0.000129046633775
244.144144144,6.02264971798,-0.000919087697968,0.000130835813416
245.045045045,6.02264841696,-0.000933573560471,0.000132624993057
245.945945946,6.02264711594,-0.000948059422975,0.000134414172698
246.846846847,6.02264581492,-0.000962545285479,0.000136203352338
247.747747748,6.0226445139,-0.000977031147982,0.000137992531979
248.648648649,6.02264321287,-0.000991517010486,0.00013978171162
249.54954955,6.02264191185,-0.00100600287299,0.000141570891261
250.45045045,6.02258401755,-0.00103467774011,0.00014637077797
251.351351351,6.02246952997,-0.00107754161186,0.000154181371749
252.252252252,6.02235504239,-0.0011204054836,0.000161991965528
253.153153153,6.02224055481,-0.00116326935534,0.000169802559306
254.054054054,6.02212606722,-0.00120613322708,0.000177613153085
254.954954955,6.02201157964,-0.00124899709883,0.000185423746864
255.855855856,6.02189709206,-0.00129186097057,0.000193234340643
256.756756757,6.02178260448,-0.00133472484231,0.000201044934421
257.657657658,6.0216681169,-0.00137758871405,0.0002088555282
258.558558559,6.02155362931,-0.0014204525858,0.000216666121979
259.459459459,6.02143914173,-0.00146331645754,0.000224476715757
260.36036036,6.02132465415,-0.00150618032928,0.000232287309536
261.261261261,6.02121016657,-0.00154904420103,0.000240097903315
262.162162162,6.02109567899,-0.00159190807277,0.000247908497093
263.063063063,6.02098119141,-0.00163477194451,0.000255719090872
263.963963964,6.02086670382,-0.00167763581625,0.000263529684651
264.864864865,6.02075221624,-0.001720499688,0.000271340278429
265.765765766,6.02063772866,-0.00176336355974,0.000279150872208
266.666666667,6.02052324108,-0.00180622743148,0.000286961465987
267.567567568,6.0204087535,-0.00184909130322,0.000294772059765
268.468468468,6.02029426592,-0.00189195517497,0.000302582653544
269.369369369,6.02017977833,-0.00193481904671,0.000310393247323
270.27027027,6.02006529075,-0.00197768291845,0.000318203841101
271.171171171,6.01995080317,-0.0020205467902,0.00032601443488
272.072072072,6.01983631559,-0.00206341066194,0.000333825028659
272.972972973,6.01972182801,-0.00210627453368,0.000341635622438
273.873873874,6.01960734042,-0.00214913840542,0.000349446216216
274.774774775,6.01949285284,-0.00219200227717,0.000357256809995
275.675675676,6.01937836526,-0.00223486614891,0.000365067403774
276.576576577,6.01926387768,-0.00227773002065,0.000372877997552
277.477477477,6.0191493901,-0.0023205938924,0.000380688591331
278.378378378,6.01903490252,-0.00236345776414,0.00038849918511
279.279279279,6.01892041493,-0.00240632163588,0.000396309778888
280.18018018,6.01880592735,-0.00244918550762,0.000404120372667
281.081081081,6.01869143977,-0.00249204937937,0.000411930966446
281.981981982,6.01857695219,-0.00253491325111,0.000419741560224
282.882882883,6.01846246461,-0.00257777712285,0.000427552154003
283.783783784,6.01834797702,-0.00262064099459,0.000435362747782
284.684684685,6.01823348944,-0.00266350486634,0.00044317334156
285.585585586,6.01811900186,-0.00270636873808,0.000450983935339
286.486486486,6.01800451428,-0.00274923260982,0.000458794529118
287.387387387,6.0178900267,-0.00279209648157,0.000466605122897
288.288288288,6.01777553912,-0.00283496035331,0.000474415716675
289.189189189,6.01766105153,-0.00287782422505,0.000482226310454
290.09009009,6.01754656395,-0.00292068809679,0.000490036904233
290.990990991,6.01743207637,-0.00296355196854,0.000497847498011
291.891891892,6.01731758879,-0.00300641584028,0.00050565809179
292.792792793,6.01720310121,-0.00304927971202,0.000513468685569
293.693693694,6.01708861363,-0.00309214358376,0.000521279279347
294.594594595,6.01697412604,-0.00313500745551,0.000529089873126
295.495495495,6.01685963846,-0.00317787132725,0.000536900466905
296.396396396,6.01674515088,-0.00322073519899,0.000544711060683
297.297297297,6.0166306633,-0.00326359907074,0.000552521654462
298.198198198,6.01651617572,-0.00330646294248,0.000560332248241
299.099099099,6.01640168813,-0.00334932681422,0.000568142842019
300,6.01628720055,-0.00339219068596,0.000575953435798
300.900900901,6.01575391055,-0.00338194061274,0.000609503384194
301.801801802,6.01522062055,-0.00337169053951,0.00064305333259
302.702702703,6.01468733054,-0.00336144046628,0.000676603280987
303.603603604,6.01415404054,-0.00335119039305,0.000710153229383
304.504504505,6.01362075053,-0.00334094031982,0.000743703177779
305.405405405,6.01308746053,-0.00333069024659,0.000777253126175
306.306306306,6.01255417053,-0.00332044017336,0.000810803074571
307.207207207,6.01202088052,-0.00331019010014,0.000844353022967
308.108108108,6.01148759052,-0.00329994002691,0.000877902971364
309.009009009,6.01095430052,-0.00328968995368,0.00091145291976
309.90990991,6.01042101051,-0.00327943988045,0.000945002868156
310.810810811,6.00988772051,-0.00326918980722,0.000978552816552
311.711711712,6.00935443051,-0.00325893973399,0.00101210276495
312.612612613,6.0088211405,-0.00324868966077,0.00104565271334
313.513513514,6.0082878505,-0.00323843958754,0.00107920266174
314.414414414,6.00775456049,-0.00322818951431,0.00111275261014
315.315315315,6.00722127049,-0.00321793944108,0.00114630255853
316.216216216,6.00668798049,-0.00320768936785,0.00117985250693
317.117117117,6.00615469048,-0.00319743929462,0.00121340245533
318.018018018,6.00562140048,-0.0031871892214,0.00124695240372
318.918918919,6.00508811048,-0.00317693914817,0.00128050235212
319.81981982,6.00455482047,-0.00316668907494,0.00131405230051
320.720720721,6.00402153047,-0.00315643900171,0.00134760224891
321.621621622,6.00348824046,-0.00314618892848,0.00138115219731
322.522522523,6.00295495046,-0.00313593885525,0.0014147021457
323.423423423,6.00242166046,-0.00312568878202,0.0014482520941
324.324324324,6.00188837045,-0.0031154387088,0.00148180204249
325.225225225,6.00093005616,-0.00308321194763,0.00154196018408
326.126126126,5.99869666898,-0.00298505512266,0.00168194290523
327.027027027,5.9964632818,-0.0028868982977,0.00182192562637
327.927927928,5.99422989463,-0.00278874147273,0.00196190834752
328.828828829,5.99199650745,-0.00269058464776,0.00210189106867
329.72972973,5.98976312027,-0.00259242782279,0.00224187378981
330.630630631,5.9875297331,-0.00249427099782,0.00238185651096
331.531531532,5.98529634592,-0.00239611417285,0.00252183923211
332.432432432,5.98306295874,-0.00229795734789,0.00266182195325
333.333333333,5.98082957157,-0.00219980052292,0.0028018046744
334.234234234,5.97859618439,-0.00210164369795,0.00294178739555
335.135135135,5.97636279722,-0.00200348687298,0.00308177011669
336.036036036,5.97412941004,-0.00190533004801,0.00322175283784
336.936936937,5.97189602286,-0.00180717322305,0.00336173555899
337.837837838,5.96966263569,-0.00170901639808,0.00350171828013
338.738738739,5.96742924851,-0.00161085957311,0.00364170100128
339.63963964,5.96519586133,-0.00151270274814,0.00378168372243
340.540540541,5.96296247416,-0.00141454592317,0.00392166644358
341.441441441,5.96072908698,-0.0013163890982,0.00406164916472
342.342342342,5.9584956998,-0.00121823227324,0.00420163188587
343.243243243,5.95626231263,-0.00112007544827,0.00434161460702
344.144144144,5.95402892545,-0.0010219186233,0.00448159732816
345.045045045,5.95179553827,-0.00092376179833,0.00462158004931
345.945945946,5.9495621511,-0.000825604973362,0.00476156277046
346.846846847,5.94732876392,-0.000727448148394,0.0049015454916
347.747747748,5.94509537675,-0.000629291323426,0.00504152821275
348.648648649,5.94286198957,-0.000531134498457,0.0051815109339
349.54954955,5.94062860239,-0.000432977673489,0.00532149365504
350.45045045,5.93534652595,-0.00019869251094,0.00561018170179
351.351351351,5.92701576025,0.000171720989189,0.00604757507413
352.252252252,5.91868499455,0.000542134489318,0.00648496844648
353.153153153,5.91035422885,0.000912547989447,0.00692236181882
354.054054054,5.90202346315,0.00128296148958,0.00735975519116
354.954954955,5.89369269745,0.0016533749897,0.00779714856351
355.855855856,5.88536193174,0.00202378848983,0.00823454193585
356.756756757,5.87703116604,0.00239420198996,0.00867193530819
357.657657658,5.86870040034,0.00276461549009,0.00910932868054
358.558558559,5.86036963464,0.00313502899022,0.00954672205288
359.459459459,5.85203886894,0.00350544249035,0.00998411542522
360.36036036,5.84370810324,0.00387585599048,0.0104215087976
361.261261261,5.83537733754,0.00424626949061,0.0108589021699
362.162162162,5.82704657183,0.00461668299073,0.0112962955423
363.063063063,5.81871580613,0.00498709649086,0.0117336889146
363.963963964,5.81038504043,0.00535750999099,0.0121710822869
364.864864865,5.80205427473,0.00572792349112,0.0126084756593
365.765765766,5.79372350903,0.00609833699125,0.0130458690316
366.666666667,5.78539274333,0.00646875049138,0.013483262404
367.567567568,5.77706197762,0.00683916399151,0.0139206557763
368.468468468,5.76873121192,0.00720957749164,0.0143580491487
369.369369369,5.76040044622,0.00757999099177,0.014795442521
370.27027027,5.75206968052,0.00795040449189,0.0152328358933
371.171171171,5.74373891482,0.00832081799202,0.0156702292657
372.072072072,5.73540814912,0.00869123149215,0.016107622638
372.972972973,5.72707738342,0.00906164499228,0.0165450160104
373.873873874,5.71874661771,0.00943205849241,0.0169824093827
374.774774775,5.71041585201,0.00980247199254,0.0174198027551
375.675675676,5.69507040298,0.0102105927993,0.01795215831
376.576576577,5.67738672618,0.0106312827084,0.0185161679258
377.477477477,5.65970304937,0.0110519726174,0.0190801775416
378.378378378,5.64201937257,0.0114726625264,0.0196441871574
379.279279279,5.62433569576,0.0118933524355,0.0202081967733
380.18018018,5.60665201895,0.0123140423445,0.0207722063891
381.081081081,5.58896834215,0.0127347322535,0.0213362160049
381.981981982,5.57128466534,0.0131554221626,0.0219002256207
382.882882883,5.55360098854,0.0135761120716,0.0224642352365
383.783783784,5.53591731173,0.0139968019806,0.0230282448523
384.684684685,5.51823363492,0.0144174918896,0.0235922544681
385.585585586,5.50054995812,0.0148381817987,0.0241562640839
386.486486486,5.48286628131,0.0152588717077,0.0247202736998
387.387387387,5.46518260451,0.0156795616167,0.0252842833156
388.288288288,5.4474989277,0.0161002515258,0.0258482929314
389.189189189,5.42981525089,0.0165209414348,0.0264123025472
390.09009009,5.41213157409,0.0169416313438,0.026976312163
390.990990991,5.39444789728,0.0173623212529,0.0275403217788
391.891891892,5.37676422048,0.0177830111619,0.0281043313946
392.792792793,5.35908054367,0.0182037010709,0.0286683410104
393.693693694,5.34139686687,0.0186243909799,0.0292323506262
394.594594595,5.32371319006,0.019045080889,0.0297963602421
395.495495495,5.30602951325,0.019465770798,0.0303603698579
396.396396396,5.28834583645,0.019886460707,0.0309243794737
397.297297297,5.27066215964,0.0203071506161,0.0314883890895
398.198198198,5.25297848284,0.0207278405251,0.0320523987053
399.099099099,5.23529480603,0.0211485304341,0.0326164083211
400,5.21761112922,0.0215692203432,0.0331804179369
400.900900901,5.200741996,0.0213411703062,0.0330399232837
401.801801802,5.18387286278,0.0211131202693,0.0328994286305
402.702702703,5.16700372956,0.0208850702323,0.0327589339773
403.603603604,5.15013459634,0.0206570201954,0.032618439324
404.504504505,5.13326546312,0.0204289701584,0.0324779446708
405.405405405,5.11639632989,0.0202009201215,0.0323374500176
406.306306306,5.09952719667,0.0199728700845,0.0321969553644
407.207207207,5.08265806345,0.0197448200476,0.0320564607112
408.108108108,5.06578893023,0.0195167700106,0.0319159660579
409.009009009,5.04891979701,0.0192887199737,0.0317754714047
409.90990991,5.03205066379,0.0190606699368,0.0316349767515
410.810810811,5.01518153057,0.0188326198998,0.0314944820983
411.711711712,4.99831239734,0.0186045698629,0.0313539874451
412.612612613,4.98144326412,0.0183765198259,0.0312134927918
413.513513514,4.9645741309,0.018148469789,0.0310729981386
414.414414414,4.94770499768,0.017920419752,0.0309325034854
415.315315315,4.93083586446,0.0176923697151,0.0307920088322
416.216216216,4.91396673124,0.0174643196781,0.030651514179
417.117117117,4.89709759801,0.0172362696412,0.0305110195257
418.018018018,4.88022846479,0.0170082196042,0.0303705248725
418.918918919,4.86335933157,0.0167801695673,0.0302300302193
419.81981982,4.84649019835,0.0165521195304,0.0300895355661
420.720720721,4.82962106513,0.0163240694934,0.0299490409128
421.621621622,4.81275193191,0.0160960194565,0.0298085462596
422.522522523,4.79588279869,0.0158679694195,0.0296680516064
423.423423423,4.77901366546,0.0156399193826,0.0295275569532
424.324324324,4.76214453224,0.0154118693456,0.0293870623
425.225225225,4.74806630785,0.0151035276625,0.0290178929071
426.126126126,4.74236080996,0.014554311041,0.0279626992952
427.027027027,4.73665531207,0.0140050944195,0.0269075056833
427.927927928,4.73094981418,0.0134558777979,0.0258523120714
428.828828829,4.72524431629,0.0129066611764,0.0247971184595
429.72972973,4.7195388184,0.0123574445548,0.0237419248476
430.630630631,4.7138333205,0.0118082279333,0.0226867312358
431.531531532,4.70812782261,0.0112590113118,0.0216315376239
432.432432432,4.70242232472,0.0107097946902,0.020576344012
433.333333333,4.69671682683,0.0101605780687,0.0195211504001
434.234234234,4.69101132894,0.00961136144713,0.0184659567882
435.135135135,4.68530583105,0.00906214482559,0.0174107631763
436.036036036,4.67960033315,0.00851292820405,0.0163555695644
436.936936937,4.67389483526,0.00796371158251,0.0153003759525
437.837837838,4.66818933737,0.00741449496097,0.0142451823407
438.738738739,4.66248383948,0.00686527833943,0.0131899887288
439.63963964,4.65677834159,0.00631606171789,0.0121347951169
440.540540541,4.6510728437,0.00576684509635,0.011079601505
441.441441441,4.64536734581,0.00521762847481,0.0100244078931
442.342342342,4.63966184791,0.00466841185327,0.00896921428122
443.243243243,4.63395635002,0.00411919523173,0.00791402066933
444.144144144,4.62825085213,0.00356997861019,0.00685882705744
445.045045045,4.62254535424,0.00302076198865,0.00580363344556
445.945945946,4.61683985635,0.00247154536711,0.00474843983367
446.846846847,4.61113435846,0.00192232874557,0.00369324622178
447.747747748,4.60542886056,0.00137311212403,0.0026380526099
448.648648649,4.59972336267,0.000823895502491,0.00158285899801
449.54954955,4.59401786478,0.000274678880951,0.000527665386121
450.45045045,4.59401786576,-0.000274538442512,-0.000527528199104
451.351351351,4.59972336562,-0.000823756467899,-0.00158272175767
452.252252252,4.60542886547,-0.00137297449329,-0.00263791531623
453.153153153,4.61113436533,-0.00192219251867,-0.00369310887479
454.054054054,4.61683986518,-0.00247141054406,-0.00474830243335
454.954954955,4.62254536504,-0.00302062856945,-0.00580349599191
455.855855856,4.62825086489,-0.00356984659483,-0.00685868955048
456.756756757,4.63395636475,-0.00411906462022,-0.00791388310904
457.657657658,4.6396618646,-0.00466828264561,-0.0089690766676
458.558558559,4.64536736446,-0.005217500671,-0.0100242702262
459.459459459,4.65107286431,-0.00576671869638,-0.0110794637847
460.36036036,4.65677836417,-0.00631593672177,-0.0121346573433
461.261261261,4.66248386402,-0.00686515474716,-0.0131898509018
462.162162162,4.66818936388,-0.00741437277254,-0.0142450444604
463.063063063,4.67389486373,-0.00796359079793,-0.015300238019
463.963963964,4.67960036359,-0.00851280882332,-0.0163554315775
464.864864865,4.68530586345,-0.00906202684871,-0.0174106251361
465.765765766,4.6910113633,-0.00961124487409,-0.0184658186947
466.666666667,4.69671686316,-0.0101604628995,-0.0195210122532
467.567567568,4.70242236301,-0.0107096809249,-0.0205762058118
468.468468468,4.70812786287,-0.0112588989503,-0.0216313993703
469.369369369,4.71383336272,-0.0118081169756,-0.0226865929289
470.27027027,4.71953886258,-0.012357335001,-0.0237417864875
471.171171171,4.72524436243,-0.0129065530264,-0.024796980046
472.072072072,4.73094986229,-0.0134557710518,-0.0258521736046
472.972972973,4.73665536214,-0.0140049890772,-0.0269073671632
473.873873874,4.742360862,-0.0145542071026,-0.0279625607217
474.774774775,4.74806636185,-0.015103425128,-0.0290177542803
475.675675676,4.76214458962,-0.0154117694259,-0.0293869241123
476.576576577,4.7790137267,-0.0156398224813,-0.0295274193689
477.477477477,4.79588286378,-0.0158678755367,-0.0296679146255
478.378378378,4.81275200086,-0.0160959285922,-0.0298084098821
479.279279279,4.82962113794,-0.0163239816476,-0.0299489051386
480.18018018,4.84649027501,-0.016552034703,-0.0300894003952
481.081081081,4.86335941209,-0.0167800877585,-0.0302298956518
481.981981982,4.88022854917,-0.0170081408139,-0.0303703909084
482.882882883,4.89709768625,-0.0172361938693,-0.0305108861649
483.783783784,4.91396682333,-0.0174642469247,-0.0306513814215
484.684684685,4.93083596041,-0.0176922999802,-0.0307918766781
485.585585586,4.94770509748,-0.0179203530356,-0.0309323719347
486.486486486,4.96457423456,-0.018148406091,-0.0310728671912
487.387387387,4.98144337164,-0.0183764591465,-0.0312133624478
488.288288288,4.99831250872,-0.0186045122019,-0.0313538577044
489.189189189,5.0151816458,-0.0188325652573,-0.0314943529609
490.09009009,5.03205078288,-0.0190606183127,-0.0316348482175
490.990990991,5.04891991995,-0.0192886713682,-0.0317753434741
491.891891892,5.06578905703,-0.0195167244236,-0.0319158387307
492.792792793,5.08265819411,-0.019744777479,-0.0320563339872
493.693693694,5.09952733119,-0.0199728305345,-0.0321968292438
494.594594595,5.11639646827,-0.0202008835899,-0.0323373245004
495.495495496,5.13326560534,-0.0204289366453,-0.032477819757
496.396396396,5.15013474242,-0.0206569897007,-0.0326183150135
497.297297297,5.1670038795,-0.0208850427562,-0.0327588102701
498.198198198,5.18387301658,-0.0211130958116,-0.0328993055267
499.099099099,5.20074215366,-0.021341148867,-0.0330398007833
500,5.21761129074,-0.0215692019225,-0.0331802960398
500.900900901,5.23529496756,-0.0211485145317,-0.0326162876068
501.801801802,5.25297864438,-0.0207278271409,-0.0320522791737
502.702702703,5.2706623212,-0.0203071397502,-0.0314882707407
503.603603604,5.28834599802,-0.0198864523594,-0.0309242623076
504.504504505,5.30602967484,-0.0194657649687,-0.0303602538746
505.405405405,5.32371335166,-0.0190450775779,-0.0297962454415
506.306306306,5.34139702848,-0.0186243901872,-0.0292322370084
507.207207207,5.3590807053,-0.0182037027964,-0.0286682285754
508.108108108,5.37676438212,-0.0177830154057,-0.0281042201423
509.009009009,5.39444805894,-0.0173623280149,-0.0275402117093
509.90990991,5.41213173576,-0.0169416406241,-0.0269762032762
510.810810811,5.42981541258,-0.0165209532334,-0.0264121948432
511.711711712,5.4474990894,-0.0161002658426,-0.0258481864101
512.612612613,5.46518276622,-0.0156795784519,-0.0252841779771
513.513513514,5.48286644304,-0.0152588910611,-0.024720169544
514.414414414,5.50055011986,-0.0148382036704,-0.0241561611109
515.315315315,5.51823379668,-0.0144175162796,-0.0235921526779
516.216216216,5.5359174735,-0.0139968288889,-0.0230281442448
517.117117117,5.55360115032,-0.0135761414981,-0.0224641358118
518.018018018,5.57128482714,-0.0131554541074,-0.0219001273787
518.918918919,5.58896850396,-0.0127347667166,-0.0213361189457
519.81981982,5.60665218078,-0.0123140793258,-0.0207721105126
520.720720721,5.6243358576,-0.0118933919351,-0.0202081020796
521.621621622,5.64201953442,-0.0114727045443,-0.0196440936465
522.522522523,5.65970321124,-0.0110520171536,-0.0190800852135
523.423423423,5.67738688806,-0.0106313297628,-0.0185160767804
524.324324324,5.69507056488,-0.0102106423721,-0.0179520683473
525.225225225,5.71041601303,-0.00980252376184,-0.0174197138982
526.126126126,5.71874677519,-0.00943211149318,-0.0169823214007
527.027027027,5.72707753735,-0.00906169922453,-0.0165449289033
527.927927928,5.73540829951,-0.00869128695587,-0.0161075364058
528.828828829,5.74373906166,-0.00832087468721,-0.0156701439084
529.72972973,5.75206982382,-0.00795046241856,-0.0152327514109
530.630630631,5.76040058598,-0.0075800501499,-0.0147953589135
531.531531532,5.76873134814,-0.00720963788124,-0.014357966416
532.432432432,5.77706211029,-0.00683922561259,-0.0139205739186
533.333333333,5.78539287245,-0.00646881334393,-0.0134831814211
534.234234234,5.79372363461,-0.00609840107527,-0.0130457889236
535.135135135,5.80205439677,-0.00572798880662,-0.0126083964262
536.036036036,5.81038515893,-0.00535757653796,-0.0121710039287
536.936936937,5.81871592108,-0.0049871642693,-0.0117336114313
537.837837838,5.82704668324,-0.00461675200065,-0.0112962189338
538.738738739,5.8353774454,-0.00424633973199,-0.0108588264364
539.63963964,5.84370820756,-0.00387592746333,-0.0104214339389
540.540540541,5.85203896971,-0.00350551519468,-0.00998404144147
541.441441441,5.86036973187,-0.00313510292602,-0.00954664894402
542.342342342,5.86870049403,-0.00276469065736,-0.00910925644656
543.243243243,5.87703125619,-0.00239427838871,-0.00867186394911
544.144144144,5.88536201834,-0.00202386612005,-0.00823447145165
545.045045045,5.8936927805,-0.00165345385139,-0.0077970789542
545.945945946,5.90202354266,-0.00128304158274,-0.00735968645675
546.846846847,5.91035430482,-0.000912629314081,-0.00692229395929
547.747747748,5.91868506697,-0.000542217045424,-0.00648490146184
548.648648649,5.92701582913,-0.000171804776768,-0.00604750896439
549.54954955,5.93534659129,0.000198607491889,-0.00561011646693
550.45045045,5.94062866516,0.000432891982462,-0.00532142913318
551.351351351,5.94286205074,0.000531048694955,-0.00518144696313
552.252252252,5.94509543633,0.000629205407447,-0.00504146479308
553.153153153,5.94732882191,0.000727362119939,-0.00490148262302
554.054054054,5.94956220749,0.000825518832432,-0.00476150045297
554.954954955,5.95179559308,0.000923675544924,-0.00462151828292
555.855855856,5.95402897866,0.00102183225742,-0.00448153611287
556.756756757,5.95626236425,0.00111998896991,-0.00434155394282
557.657657658,5.95849574983,0.0012181456824,-0.00420157177276
558.558558559,5.96072913541,0.00131630239489,-0.00406158960271
559.459459459,5.962962521,0.00141445910739,-0.00392160743266
560.36036036,5.96519590658,0.00151261581988,-0.00378162526261
561.261261261,5.96742929216,0.00161077253237,-0.00364164309256
562.162162162,5.96966267775,0.00170892924486,-0.0035016609225
563.063063063,5.97189606333,0.00180708595736,-0.00336167875245
563.963963964,5.97412944892,0.00190524266985,-0.0032216965824
564.864864865,5.9763628345,0.00200339938234,-0.00308171441235
565.765765766,5.97859622008,0.00210155609483,-0.0029417322423
566.666666667,5.98082960567,0.00219971280732,-0.00280175007225
567.567567568,5.98306299125,0.00229786951982,-0.00266176790219
568.468468468,5.98529637683,0.00239602623231,-0.00252178573214
569.369369369,5.98752976242,0.0024941829448,-0.00238180356209
570.27027027,5.989763148,0.00259233965729,-0.00224182139204
571.171171171,5.99199653358,0.00269049636979,-0.00210183922199
572.072072072,5.99422991917,0.00278865308228,-0.00196185705193
572.972972973,5.99646330475,0.00288680979477,-0.00182187488188
573.873873874,5.99869669034,0.00298496650726,-0.00168189271183
574.774774775,6.00093007592,0.00308312321976,-0.00154191054178
575.675675676,6.00188838899,0.00311535029893,-0.00148175266987
576.576576577,6.0024216779,0.00312560083367,-0.00144820289733
577.477477477,6.0029549668,0.0031358513684,-0.0014146531248
578.378378378,6.00348825571,0.00314610190314,-0.00138110335227
579.279279279,6.00402154461,0.00315635243788,-0.00134755357973
580.18018018,6.00455483351,0.00316660297261,-0.0013140038072
581.081081081,6.00508812242,0.00317685350735,-0.00128045403467
581.981981982,6.00562141132,0.00318710404209,-0.00124690426214
582.882882883,6.00615470023,0.00319735457682,-0.0012133544896
583.783783784,6.00668798913,0.00320760511156,-0.00117980471707
584.684684685,6.00722127803,0.0032178556463,-0.00114625494454
585.585585586,6.00775456694,0.00322810618103,-0.001112705172
586.486486486,6.00828785584,0.00323835671577,-0.00107915539947
587.387387387,6.00882114475,0.00324860725051,-0.00104560562694
588.288288288,6.00935443365,0.00325885778524,-0.00101205585441
589.189189189,6.00988772255,0.00326910831998,-0.000978506081874
590.09009009,6.01042101146,0.00327935885472,-0.000944956309341
590.990990991,6.01095430036,0.00328960938945,-0.000911406536808
591.891891892,6.01148758927,0.00329985992419,-0.000877856764275
592.792792793,6.01202087817,0.00331011045893,-0.000844306991742
593.693693694,6.01255416707,0.00332036099366,-0.00081075721921
594.594594595,6.01308745598,0.0033306115284,-0.000777207446677
595.495495495,6.01362074488,0.00334086206314,-0.000743657674144
596.396396396,6.01415403379,0.00335111259787,-0.000710107901611
597.297297297,6.01468732269,0.00336136313261,-0.000676558129078
598.198198198,6.01522061159,0.00337161366735,-0.000643008356546
599.099099099,6.0157539005,0.00338186420208,-0.000609458584013
600,6.0162871894,0.00339211473682,-0.00057590881148
600.900900901,6.01640167689,0.00334925150304,-0.000568098234337
601.801801802,6.01651616438,0.00330638826926,-0.000560287657193
602.702702703,6.01663065187,0.00326352503549,-0.00055247708005
603.603603604,6.01674513936,0.00322066180171,-0.000544666502907
604.504504505,6.01685962685,0.00317779856793,-0.000536855925763
605.405405405,6.01697411434,0.00313493533415,-0.00052904534862
606.306306306,6.01708860184,0.00309207210038,-0.000521234771477
607.207207207,6.01720308933,0.0030492088666,-0.000513424194333
608.108108108,6.01731757682,0.00300634563282,-0.00050561361719
609.009009009,6.01743206431,0.00296348239904,-0.000497803040047
609.90990991,6.0175465518,0.00292061916527,-0.000489992462903
610.810810811,6.01766103929,0.00287775593149,-0.00048218188576
611.711711712,6.01777552678,0.00283489269771,-0.000474371308617
612.612612613,6.01789001427,0.00279202946393,-0.000466560731473
613.513513514,6.01800450176,0.00274916623016,-0.00045875015433
614.414414414,6.01811898925,0.00270630299638,-0.000450939577187
615.315315315,6.01823347674,0.0026634397626,-0.000443129000043
616.216216216,6.01834796423,0.00262057652882,-0.0004353184229
617.117117117,6.01846245172,0.00257771329505,-0.000427507845757
618.018018018,6.01857693921,0.00253485006127,-0.000419697268613
618.918918919,6.0186914267,0.00249198682749,-0.00041188669147
619.81981982,6.01880591419,0.00244912359371,-0.000404076114327
620.720720721,6.01892040169,0.00240626035994,-0.000396265537183
621.621621622,6.01903488918,0.00236339712616,-0.00038845496004
622.522522523,6.01914937667,0.00232053389238,-0.000380644382897
623.423423423,6.01926386416,0.0022776706586,-0.000372833805753
624.324324324,6.01937835165,0.00223480742483,-0.00036502322861
625.225225225,6.01949283914,0.00219194419105,-0.000357212651467
626.126126126,6.01960732663,0.00214908095727,-0.000349402074323
627.027027027,6.01972181412,0.00210621772349,-0.00034159149718
627.927927928,6.01983630161,0.00206335448972,-0.000333780920037
628.828828829,6.0199507891,0.00202049125594,-0.000325970342893
629.72972973,6.02006527659,0.00197762802216,-0.00031815976575
630.630630631,6.02017976408,0.00193476478838,-0.000310349188607
631.531531532,6.02029425157,0.00189190155461,-0.000302538611463
632.432432432,6.02040873906,0.00184903832083,-0.00029472803432
633.333333333,6.02052322655,0.00180617508705,-0.000286917457177
634.234234234,6.02063771404,0.00176331185327,-0.000279106880033
635.135135135,6.02075220154,0.0017204486195,-0.00027129630289
636.036036036,6.02086668903,0.00167758538572,-0.000263485725747
636.936936937,6.02098117652,0.00163472215194,-0.000255675148603
637.837837838,6.02109566401,0.00159185891816,-0.00024786457146
638.738738739,6.0212101515,0.00154899568439,-0.000240053994317
639.63963964,6.02132463899,0.00150613245061,-0.000232243417173
640.540540541,6.02143912648,0.00146326921683,-0.00022443284003
641.441441441,6.02155361397,0.00142040598305,-0.000216622262887
642.342342342,6.02166810146,0.00137754274928,-0.000208811685743
643.243243243,6.02178258895,0.0013346795155,-0.0002010011086
644.144144144,6.02189707644,0.00129181628172,-0.000193190531457
645.045045045,6.02201156393,0.00124895304794,-0.000185379954313
645.945945946,6.02212605142,0.00120608981417,-0.00017756937717
646.846846847,6.02224053891,0.00116322658039,-0.000169758800027
647.747747748,6.0223550264,0.00112036334661,-0.000161948222883
648.648648649,6.02246951389,0.00107750011283,-0.00015413764574
649.54954955,6.02258400138,0.00103463687906,-0.000146327068597
650.45045045,6.02264189567,0.00100596259335,-0.000141527246804
651.351351351,6.02264319676,0.000991477255712,-0.000139738180362
652.252252252,6.02264449784,0.000976991918076,-0.000137949113921
653.153153153,6.02264579893,0.000962506580439,-0.000136160047479
654.054054054,6.02264710001,0.000948021242803,-0.000134370981037
654.954954955,6.02264840109,0.000933535905167,-0.000132581914596
655.855855856,6.02264970218,0.00091905056753,-0.000130792848154
656.756756757,6.02265100326,0.000904565229894,-0.000129003781712
657.657657658,6.02265230435,0.000890079892257,-0.000127214715271
658.558558559,6.02265360543,0.000875594554621,-0.000125425648829
659.459459459,6.02265490652,0.000861109216985,-0.000123636582387
660.36036036,6.0226562076,0.000846623879348,-0.000121847515946
661.261261261,6.02265750868,0.000832138541712,-0.000120058449504
662.162162162,6.02265880977,0.000817653204075,-0.000118269383062
663.063063063,6.02266011085,0.000803167866439,-0.000116480316621
663.963963964,6.02266141194,0.000788682528803,-0.000114691250179
664.864864865,6.02266271302,0.000774197191166,-0.000112902183737
665.765765766,6.02266401411,0.00075971185353,-0.000111113117296
666.666666667,6.02266531519,0.000745226515894,-0.000109324050854
667.567567568,6.02266661628,0.000730741178257,-0.000107534984412
668.468468468,6.02266791736,0.000716255840621,-0.000105745917971
669.369369369,6.02266921844,0.000701770502984,-0.000103956851529
670.27027027,6.02267051953,0.000687285165348,-0.000102167785087
671.171171171,6.02267182061,0.000672799827712,-0.000100378718646
672.072072072,6.0226731217,0.000658314490075,-9.8589652204e-05
672.972972973,6.02267442278,0.000643829152439,-9.68005857624e-05
673.873873874,6.02267572387,0.000629343814802,-9.50115193207e-05
674.774774775,6.02267702495,0.000614858477166,-9.3222452879e-05
675.675675676,6.02267832603,0.00060037313953,-9.14333864374e-05
676.576576577,6.02267962712,0.000585887801893,-8.96443199957e-05
677.477477477,6.0226809282,0.000571402464257,-8.7855253554e-05
678.378378378,6.02268222929,0.00055691712662,-8.60661871124e-05
679.279279279,6.02268353037,0.000542431788984,-8.42771206707e-05
680.18018018,6.02268483146,0.000527946451348,-8.2488054229e-05
681.081081081,6.02268613254,0.000513461113711,-8.06989877874e-05
681.981981982,6.02268743363,0.000498975776075,-7.89099213457e-05
682.882882883,6.02268873471,0.000484490438438,-7.7120854904e-05
683.783783784,6.02269003579,0.000470005100802,-7.53317884624e-05
684.684684685,6.02269133688,0.000455519763166,-7.35427220207e-05
685.585585586,6.02269263796,0.000441034425529,-7.1753655579e-05
686.486486486,6.02269393905,0.000426549087893,-6.99645891374e-05
687.387387387,6.02269524013,0.000412063750256,-6.81755226957e-05
688.288288288,6.02269654122,0.00039757841262,-6.6386456254e-05
689.189189189,6.0226978423,0.000383093074984,-6.45973898124e-05
690.09009009,6.02269914338,0.000368607737347,-6.28083233707e-05
690.990990991,6.02270044447,0.000354122399711,-6.1019256929e-05
691.891891892,6.02270174555,0.000339637062075,-5.92301904874e-05
692.792792793,6.02270304664,0.000325151724438,-5.74411240457e-05
693.693693694,6.02270434772,0.000310666386802,-5.5652057604e-05
694.594594595,6.02270564881,0.000296181049165,-5.38629911624e-05
695.495495495,6.02270694989,0.000281695711529,-5.20739247207e-05
696.396396396,6.02270825098,0.000267210373893,-5.0284858279e-05
697.297297297,6.02270955206,0.000252725036256,-4.84957918374e-05
698.198198198,6.02271085314,0.00023823969862,-4.67067253957e-05
699.099099099,6.02271215423,0.000223754360983,-4.4917658954e-05
700,6.02271345531,0.000209269023347,-4.31285925124e-05
700.900900901,6.02270558275,0.00020189688524,-4.28198669912e-05
701.801801802,6.02269771018,0.000194524747134,-4.251114147e-05
702.702702703,6.02268983762,0.000187152609027,-4.22024159488e-05
703.603603604,6.02268196505,0.00017978047092,-4.18936904276e-05
704.504504505,6.02267409249,0.000172408332814,-4.15849649064e-05
705.405405405,6.02266621992,0.000165036194707,-4.12762393852e-05
706.306306306,6.02265834736,0.0001576640566,-4.0967513864e-05
707.207207207,6.02265047479,0.000150291918494,-4.06587883428e-05
708.108108108,6.02264260223,0.000142919780387,-4.03500628216e-05
709.009009009,6.02263472966,0.00013554764228,-4.00413373004e-05
709.90990991,6.0226268571,0.000128175504173,-3.97326117792e-05
710.810810811,6.02261898453,0.000120803366067,-3.9423886258e-05
711.711711712,6.02261111197,0.00011343122796,-3.91151607368e-05
712.612612613,6.02260323941,0.000106059089853,-3.88064352156e-05
713.513513514,6.02259536684,9.86869517468e-05,-3.84977096944e-05
714.414414414,6.02258749428,9.13148136401e-05,-3.81889841732e-05
715.315315315,6.02257962171,8.39426755334e-05,-3.7880258652e-05
716.216216216,6.02257174915,7.65705374267e-05,-3.75715331308e-05
717.117117117,6.02256387658,6.91983993201e-05,-3.72628076096e-05
718.018018018,6.02255600402,6.18262612134e-05,-3.69540820884e-05
718.918918919,6.02254813145,5.44541231067e-05,-3.66453565672e-05
719.81981982,6.02254025889,4.7081985e-05,-3.6336631046e-05
720.720720721,6.02253238632,3.97098468933e-05,-3.60279055248e-05
721.621621622,6.02252451376,3.23377087867e-05,-3.57191800036e-05
722.522522523,6.02251664119,2.496557068e-05,-3.54104544824e-05
723.423423423,6.02250876863,1.75934325733e-05,-3.51017289612e-05
724.324324324,6.02250089606,1.02212944666e-05,-3.479300344e-05
725.225225225,6.0224930235,2.84915635995e-06,-3.44842779188e-05
726.126126126,6.02248515093,-4.52298174673e-06,-3.41755523976e-05
727.027027027,6.02247727837,-1.18951198534e-05,-3.38668268764e-05
727.927927928,6.0224694058,-1.92672579601e-05,-3.35581013552e-05
728.828828829,6.02246153324,-2.66393960668e-05,-3.3249375834e-05
729.72972973,6.02245366067,-3.40115341734e-05,-3.29406503128e-05
730.630630631,6.02244578811,-4.13836722801e-05,-3.26319247916e-05
731.531531532,6.02243791554,-4.87558103868e-05,-3.23231992704e-05
732.432432432,6.02243004298,-5.61279484935e-05,-3.20144737492e-05
733.333333333,6.02242217041,-6.35000866002e-05,-3.1705748228e-05
734.234234234,6.02241429785,-7.08722247068e-05,-3.13970227068e-05
735.135135135,6.02240642528,-7.82443628135e-05,-3.10882971856e-05
736.036036036,6.02239855272,-8.56165009202e-05,-3.07795716644e-05
736.936936937,6.02239068015,-9.29886390269e-05,-3.04708461432e-05
737.837837838,6.02238280759,-0.000100360777134,-3.0162120622e-05
738.738738739,6.02237493503,-0.00010773291524,-2.98533951008e-05
739.63963964,6.02236706246,-0.000115105053347,-2.95446695796e-05
740.540540541,6.0223591899,-0.000122477191454,-2.92359440584e-05
741.441441441,6.02235131733,-0.00012984932956,-2.89272185372e-05
742.342342342,6.02234344477,-0.000137221467667,-2.8618493016e-05
743.243243243,6.0223355722,-0.000144593605774,-2.83097674948e-05
744.144144144,6.02232769964,-0.00015196574388,-2.80010419736e-05
745.045045045,6.02231982707,-0.000159337881987,-2.76923164524e-05
745.945945946,6.02231195451,-0.000166710020094,-2.73835909312e-05
746.846846847,6.02230408194,-0.0001740821582,-2.707486541e-05
747.747747748,6.02229620938,-0.000181454296307,-2.67661398888e-05
748.648648649,6.02228833681,-0.000188826434414,-2.64574143676e-05
749.54954955,6.02228046425,-0.00019619857252,-2.61486888464e-05
750.45045045,6.02227233435,-0.000199763689084,-2.58526908135e-05
751.351351351,6.02226394712,-0.000199521784103,-2.55694202688e-05
752.252252252,6.02225555988,-0.000199279879123,-2.52861497241e-05
753.153153153,6.02224717265,-0.000199037974142,-2.50028791795e-05
754.054054054,6.02223878542,-0.000198796069162,-2.47196086348e-05
754.954954955,6.02223039818,-0.000198554164181,-2.44363380901e-05
755.855855856,6.02222201095,-0.000198312259201,-2.41530675455e-05
756.756756757,6.02221362372,-0.000198070354221,-2.38697970008e-05
757.657657658,6.02220523649,-0.00019782844924,-2.35865264561e-05
758.558558559,6.02219684925,-0.00019758654426,-2.33032559114e-05
759.459459459,6.02218846202,-0.000197344639279,-2.30199853668e-05
760.36036036,6.02218007479,-0.000197102734299,-2.27367148221e-05
761.261261261,6.02217168756,-0.000196860829319,-2.24534442774e-05
762.162162162,6.02216330032,-0.000196618924338,-2.21701737328e-05
763.063063063,6.02215491309,-0.000196377019358,-2.18869031881e-05
763.963963964,6.02214652586,-0.000196135114377,-2.16036326434e-05
764.864864865,6.02213813862,-0.000195893209397,-2.13203620988e-05
765.765765766,6.02212975139,-0.000195651304416,-2.10370915541e-05
766.666666667,6.02212136416,-0.000195409399436,-2.07538210094e-05
767.567567568,6.02211297693,-0.000195167494456,-2.04705504647e-05
768.468468468,6.02210458969,-0.000194925589475,-2.01872799201e-05
769.369369369,6.02209620246,-0.000194683684495,-1.99040093754e-05
770.27027027,6.02208781523,-0.000194441779514,-1.96207388307e-05
771.171171171,6.02207942799,-0.000194199874534,-1.93374682861e-05
772.072072072,6.02207104076,-0.000193957969554,-1.90541977414e-05
772.972972973,6.02206265353,-0.000193716064573,-1.87709271967e-05
773.873873874,6.0220542663,-0.000193474159593,-1.8487656652e-05
774.774774775,6.02204587906,-0.000193232254612,-1.82043861074e-05
775.675675676,6.02203749183,-0.000192990349632,-1.79211155627e-05
776.576576577,6.0220291046,-0.000192748444651,-1.7637845018e-05
777.477477477,6.02202071736,-0.000192506539671,-1.73545744734e-05
778.378378378,6.02201233013,-0.000192264634691,-1.70713039287e-05
779.279279279,6.0220039429,-0.00019202272971,-1.6788033384e-05
780.18018018,6.02199555567,-0.00019178082473,-1.65047628394e-05
781.081081081,6.02198716843,-0.000191538919749,-1.62214922947e-05
781.981981982,6.0219787812,-0.000191297014769,-1.593822175e-05
782.882882883,6.02197039397,-0.000191055109789,-1.56549512053e-05
783.783783784,6.02196200674,-0.000190813204808,-1.53716806607e-05
784.684684685,6.0219536195,-0.000190571299828,-1.5088410116e-05
785.585585586,6.02194523227,-0.000190329394847,-1.48051395713e-05
786.486486486,6.02193684504,-0.000190087489867,-1.45218690267e-05
787.387387387,6.0219284578,-0.000189845584886,-1.4238598482e-05
788.288288288,6.02192007057,-0.000189603679906,-1.39553279373e-05
789.189189189,6.02191168334,-0.000189361774926,-1.36720573927e-05
790.09009009,6.02190329611,-0.000189119869945,-1.3388786848e-05
790.990990991,6.02189490887,-0.000188877964965,-1.31055163033e-05
791.891891892,6.02188652164,-0.000188636059984,-1.28222457586e-05
792.792792793,6.02187813441,-0.000188394155004,-1.2538975214e-05
793.693693694,6.02186974717,-0.000188152250024,-1.22557046693e-05
794.594594595,6.02186135994,-0.000187910345043,-1.19724341246e-05
795.495495495,6.02185297271,-0.000187668440063,-1.168916358e-05
796.396396396,6.02184458548,-0.000187426535082,-1.14058930353e-05
797.297297297,6.02183619824,-0.000187184630102,-1.11226224906e-05
798.198198198,6.02182781101,-0.000186942725122,-1.0839351946e-05
799.099099099,6.02181942378,-0.000186700820141,-1.05560814013e-05
800,6.02181103654,-0.000186458915161,-1.02728108566e-05
800.900900901,6.02180600194,-0.000185799391754,-1.02239541918e-05
801.801801802,6.02180096733,-0.000185139868347,-1.01750975269e-05
802.702702703,6.02179593272,-0.000184480344941,-1.01262408621e-05
803.603603604,6.02179089812,-0.000183820821534,-1.00773841972e-05
804.504504504,6.02178586351,-0.000183161298128,-1.00285275324e-05
805.405405405,6.0217808289,-0.000182501774721,-9.97967086754e-06
806.306306306,6.02177579429,-0.000181842251315,-9.93081420269e-06
807.207207207,6.02177075969,-0.000181182727908,-9.88195753785e-06
808.108108108,6.02176572508,-0.000180523204501,-9.833100873e-06
809.009009009,6.02176069047,-0.000179863681095,-9.78424420816e-06
809.90990991,6.02175565586,-0.000179204157688,-9.73538754331e-06
810.810810811,6.02175062126,-0.000178544634282,-9.68653087847e-06
811.711711712,6.02174558665,-0.000177885110875,-9.63767421362e-06
812.612612613,6.02174055204,-0.000177225587468,-9.58881754877e-06
813.513513514,6.02173551743,-0.000176566064062,-9.53996088393e-06
814.414414414,6.02173048283,-0.000175906540655,-9.49110421908e-06
815.315315315,6.02172544822,-0.000175247017249,-9.44224755424e-06
816.216216216,6.02172041361,-0.000174587493842,-9.39339088939e-06
817.117117117,6.021715379,-0.000173927970435,-9.34453422455e-06
818.018018018,6.0217103444,-0.000173268447029,-9.2956775597e-06
818.918918919,6.02170530979,-0.000172608923622,-9.24682089486e-06
819.81981982,6.02170027518,-0.000171949400216,-9.19796423001e-06
820.720720721,6.02169524057,-0.000171289876809,-9.14910756517e-06
821.621621622,6.02169020597,-0.000170630353402,-9.10025090032e-06
822.522522523,6.02168517136,-0.000169970829996,-9.05139423548e-06
823.423423423,6.02168013675,-0.000169311306589,-9.00253757063e-06
824.324324324,6.02167510214,-0.000168651783183,-8.95368090578e-06
825.225225225,6.02167006754,-0.000167992259776,-8.90482424094e-06
826.126126126,6.02166503293,-0.000167332736369,-8.85596757609e-06
827.027027027,6.02165999832,-0.000166673212963,-8.80711091125e-06
827.927927928,6.02165496371,-0.000166013689556,-8.7582542464e-06
828.828828829,6.02164992911,-0.00016535416615,-8.70939758156e-06
829.72972973,6.0216448945,-0.000164694642743,-8.66054091671e-06
830.630630631,6.02163985989,-0.000164035119336,-8.61168425187e-06
831.531531532,6.02163482528,-0.00016337559593,-8.56282758702e-06
832.432432432,6.02162979068,-0.000162716072523,-8.51397092218e-06
833.333333333,6.02162475607,-0.000162056549117,-8.46511425733e-06
834.234234234,6.02161972146,-0.00016139702571,-8.41625759249e-06
835.135135135,6.02161468685,-0.000160737502303,-8.36740092764e-06
836.036036036,6.02160965225,-0.000160077978897,-8.31854426279e-06
836.936936937,6.02160461764,-0.00015941845549,-8.26968759795e-06
837.837837838,6.02159958303,-0.000158758932084,-8.2208309331e-06
838.738738739,6.02159454842,-0.000158099408677,-8.17197426826e-06
839.63963964,6.02158951382,-0.00015743988527,-8.12311760341e-06
840.540540541,6.02158447921,-0.000156780361864,-8.07426093857e-06
841.441441441,6.0215794446,-0.000156120838457,-8.02540427372e-06
842.342342342,6.02157440999,-0.000155461315051,-7.97654760888e-06
843.243243243,6.02156937539,-0.000154801791644,-7.92769094403e-06
844.144144144,6.02156434078,-0.000154142268238,-7.87883427919e-06
845.045045045,6.02155930617,-0.000153482744831,-7.82997761434e-06
845.945945946,6.02155427156,-0.000152823221424,-7.7811209495e-06
846.846846847,6.02154923696,-0.000152163698018,-7.73226428465e-06
847.747747748,6.02154420235,-0.000151504174611,-7.6834076198e-06
848.648648649,6.02153916774,-0.000150844651205,-7.63455095496e-06
849.54954955,6.02153413314,-0.000150185127798,-7.58569429011e-06
850.45045045,6.02153063586,-0.000148505317751,-7.53488466803e-06
851.351351351,6.02152867592,-0.000145805221065,-7.48212208871e-06
852.252252252,6.02152671598,-0.000143105124379,-7.4293595094e-06
853.153153153,6.02152475604,-0.000140405027692,-7.37659693008e-06
854.054054054,6.0215227961,-0.000137704931006,-7.32383435076e-06
854.954954955,6.02152083616,-0.00013500483432,-7.27107177144e-06
855.855855856,6.02151887621,-0.000132304737633,-7.21830919212e-06
856.756756757,6.02151691627,-0.000129604640947,-7.16554661281e-06
857.657657658,6.02151495633,-0.00012690454426,-7.11278403349e-06
858.558558559,6.02151299639,-0.000124204447574,-7.06002145417e-06
859.459459459,6.02151103645,-0.000121504350888,-7.00725887485e-06
860.36036036,6.02150907651,-0.000118804254201,-6.95449629553e-06
861.261261261,6.02150711657,-0.000116104157515,-6.90173371622e-06
862.162162162,6.02150515663,-0.000113404060828,-6.8489711369e-06
863.063063063,6.02150319669,-0.000110703964142,-6.79620855758e-06
863.963963964,6.02150123675,-0.000108003867456,-6.74344597826e-06
864.864864865,6.0214992768,-0.000105303770769,-6.69068339894e-06
865.765765766,6.02149731686,-0.000102603674083,-6.63792081963e-06
866.666666667,6.02149535692,-9.99035773965e-05,-6.58515824031e-06
867.567567568,6.02149339698,-9.72034807101e-05,-6.53239566099e-06
868.468468468,6.02149143704,-9.45033840237e-05,-6.47963308167e-06
869.369369369,6.0214894771,-9.18032873373e-05,-6.42687050235e-06
870.27027027,6.02148751716,-8.91031906509e-05,-6.37410792304e-06
871.171171171,6.02148555722,-8.64030939645e-05,-6.32134534372e-06
872.072072072,6.02148359728,-8.37029972781e-05,-6.2685827644e-06
872.972972973,6.02148163733,-8.10029005917e-05,-6.21582018508e-06
873.873873874,6.02147967739,-7.83028039053e-05,-6.16305760576e-06
874.774774775,6.02147771745,-7.56027072189e-05,-6.11029502645e-06
875.675675676,6.02147575751,-7.29026105326e-05,-6.05753244713e-06
876.576576577,6.02147379757,-7.02025138462e-05,-6.00476986781e-06
877.477477477,6.02147183763,-6.75024171598e-05,-5.95200728849e-06
878.378378378,6.02146987769,-6.48023204734e-05,-5.89924470917e-06
879.279279279,6.02146791775,-6.2102223787e-05,-5.84648212986e-06
880.18018018,6.02146595781,-5.94021271006e-05,-5.79371955054e-06
881.081081081,6.02146399787,-5.67020304142e-05,-5.74095697122e-06
881.981981982,6.02146203792,-5.40019337278e-05,-5.6881943919e-06
882.882882883,6.02146007798,-5.13018370414e-05,-5.63543181258e-06
883.783783784,6.02145811804,-4.8601740355e-05,-5.58266923327e-06
884.684684685,6.0214561581,-4.59016436687e-05,-5.52990665395e-06
885.585585586,6.02145419816,-4.32015469823e-05,-5.47714407463e-06
886.486486486,6.02145223822,-4.05014502959e-05,-5.42438149531e-06
887.387387387,6.02145027828,-3.78013536095e-05,-5.37161891599e-06
888.288288288,6.02144831834,-3.51012569231e-05,-5.31885633668e-06
889.189189189,6.0214463584,-3.24011602367e-05,-5.26609375736e-06
890.09009009,6.02144439845,-2.97010635503e-05,-5.21333117804e-06
890.990990991,6.02144243851,-2.70009668639e-05,-5.16056859872e-06
891.891891892,6.02144047857,-2.43008701775e-05,-5.1078060194e-06
892.792792793,6.02143851863,-2.16007734911e-05,-5.05504344009e-06
893.693693694,6.02143655869,-1.89006768048e-05,-5.00228086077e-06
894.594594595,6.02143459875,-1.62005801184e-05,-4.94951828145e-06
895.495495495,6.02143263881,-1.3500483432e-05,-4.89675570213e-06
896.396396396,6.02143067887,-1.08003867456e-05,-4.84399312281e-06
897.297297297,6.02142871893,-8.1002900592e-06,-4.7912305435e-06
898.198198198,6.02142675899,-5.40019337281e-06,-4.73846796418e-06
899.099099099,6.02142479904,-2.70009668642e-06,-4.68570538486e-06
900,6.0214228391,-3.03971801658e-17,-4.63294280554e-06
